BusinessType,BusinessName,BusinessAddress,BusinessVillageTownCity,BusinessCountry,BusinessCountryMain,BusinessPostCode,BusinessBooking.com_URL,BusinessDistanceFromBV,RoomType,RoomCost,Hotel_Star
B&B,"Holiday Inn Express - Bicester, an IHG Hotel",Bicester Gateway Business Park, Bicester, United Kingdom,UK, OX25 2BX,https://www.booking.com/hotel/gb/holiday-inn-express-bicester.en-gb.html?label=gen173nr-1BCAEoggI46AdIM1gEaFCIAQGYAQm4ARfIAQzYAQHoAQGIAgGoAgO4AvPQg7UGwAIB0gIkMmJkOTM3Y2MtNTZiMi00MmExLThiNjAtOWQ2MzMxOTc2Y2Fk2AIF4AIB&sid=9e0d39518f33a8ee2c6c06163311a54b&aid=304142&ucfs=1&arphpl=1&checkin=2024-11-27&checkout=2024-11-28&dest_id=1116&dest_type=region&group_adults=1&req_adults=1&no_rooms=1&group_children=0&req_children=0&hpos=1&hapos=1&sr_order=popularity&srpvid=362753101c010127&srepoch=1721821739&all_sr_blocks=674098607_390793007_2_1_0&highlighted_blocks=674098607_390793007_2_1_0&matching_block_id=674098607_390793007_2_1_0&sr_pri_blocks=674098607_390793007_2_1_0__13199&from_sustainable_property_sr=1&from=searchresults,,"1 night, 1 adult","PKR 47,434",4
Hotel,Leonardo Royal Hotel Oxford,Godstow Road, Oxford, United Kingdom,UK, OX2 8AL,https://www.booking.com/hotel/gb/leonardo-royal-hotel-oxford.en-gb.html?label=gen173nr-1BCAEoggI46AdIM1gEaFCIAQGYAQm4ARfIAQzYAQHoAQGIAgGoAgO4AvPQg7UGwAIB0gIkMmJkOTM3Y2MtNTZiMi00MmExLThiNjAtOWQ2MzMxOTc2Y2Fk2AIF4AIB&sid=9e0d39518f33a8ee2c6c06163311a54b&aid=304142&ucfs=1&arphpl=1&checkin=2024-11-27&checkout=2024-11-28&dest_id=1116&dest_type=region&group_adults=1&req_adults=1&no_rooms=1&group_children=0&req_children=0&hpos=2&hapos=2&sr_order=popularity&srpvid=362753101c010127&srepoch=1721821739&all_sr_blocks=12699515_91464407_0_2_0&highlighted_blocks=12699515_91464407_0_2_0&matching_block_id=12699515_91464407_0_2_0&sr_pri_blocks=12699515_91464407_0_2_0__12510&from_sustainable_property_sr=1&from=searchresults,,"1 night, 1 adult","PKR 44,958",4
B&B,Milton Hill House,Milton Hill, Steventon, OX13 6AF,UK, Didcot,https://www.booking.com/hotel/gb/miltonhillhouse.en-gb.html?label=gen173nr-1BCAEoggI46AdIM1gEaFCIAQGYAQm4ARfIAQzYAQHoAQGIAgGoAgO4AvPQg7UGwAIB0gIkMmJkOTM3Y2MtNTZiMi00MmExLThiNjAtOWQ2MzMxOTc2Y2Fk2AIF4AIB&sid=9e0d39518f33a8ee2c6c06163311a54b&aid=304142&ucfs=1&arphpl=1&checkin=2024-11-27&checkout=2024-11-28&dest_id=1116&dest_type=region&group_adults=1&req_adults=1&no_rooms=1&group_children=0&req_children=0&hpos=3&hapos=3&sr_order=popularity&srpvid=362753101c010127&srepoch=1721821739&all_sr_blocks=22075119_91467446_2_2_0&highlighted_blocks=22075119_91467446_2_2_0&matching_block_id=22075119_91467446_2_2_0&sr_pri_blocks=22075119_91467446_2_2_0__13175&from_sustainable_property_sr=1&from=searchresults,,"1 night, 1 adult","PKR 47,347",4
Hotel,The Buttery,11-12 Broad Street, Oxford, United Kingdom,UK, OX1 3AP,https://www.booking.com/hotel/gb/the-buttery-oxford.en-gb.html?label=gen173nr-1BCAEoggI46AdIM1gEaFCIAQGYAQm4ARfIAQzYAQHoAQGIAgGoAgO4AvPQg7UGwAIB0gIkMmJkOTM3Y2MtNTZiMi00MmExLThiNjAtOWQ2MzMxOTc2Y2Fk2AIF4AIB&sid=9e0d39518f33a8ee2c6c06163311a54b&aid=304142&ucfs=1&arphpl=1&checkin=2024-11-27&checkout=2024-11-28&dest_id=1116&dest_type=region&group_adults=1&req_adults=1&no_rooms=1&group_children=0&req_children=0&hpos=4&hapos=4&sr_order=popularity&srpvid=362753101c010127&srepoch=1721821739&all_sr_blocks=297047503_364372214_1_0_0&highlighted_blocks=297047503_364372214_1_0_0&matching_block_id=297047503_364372214_1_0_0&sr_pri_blocks=297047503_364372214_1_0_0__12000&from=searchresults,,"1 night, 1 adult","PKR 43,125",4
Apartment,The Relais Henley,Hart Street, Henley on Thames, United Kingdom,UK, RG9 2AR,https://www.booking.com/hotel/gb/the-red-lion.en-gb.html?label=gen173nr-1BCAEoggI46AdIM1gEaFCIAQGYAQm4ARfIAQzYAQHoAQGIAgGoAgO4AvPQg7UGwAIB0gIkMmJkOTM3Y2MtNTZiMi00MmExLThiNjAtOWQ2MzMxOTc2Y2Fk2AIF4AIB&sid=9e0d39518f33a8ee2c6c06163311a54b&aid=304142&ucfs=1&arphpl=1&checkin=2024-11-27&checkout=2024-11-28&dest_id=1116&dest_type=region&group_adults=1&req_adults=1&no_rooms=1&group_children=0&req_children=0&hpos=5&hapos=5&sr_order=popularity&srpvid=362753101c010127&srepoch=1721821739&all_sr_blocks=3414328_373642237_1_1_0&highlighted_blocks=3414328_373642237_1_1_0&matching_block_id=3414328_373642237_1_1_0&sr_pri_blocks=3414328_373642237_1_1_0__18300&from_sustainable_property_sr=1&from=searchresults,,"1 night, 1 adult","PKR 65,765",4
Hotel,Shillingford Bridge Hotel,Shillingford Hill, Wallingford, United Kingdom,UK, OX10 8LZ,https://www.booking.com/hotel/gb/shillingfordbridgehotel.en-gb.html?label=gen173nr-1BCAEoggI46AdIM1gEaFCIAQGYAQm4ARfIAQzYAQHoAQGIAgGoAgO4AvPQg7UGwAIB0gIkMmJkOTM3Y2MtNTZiMi00MmExLThiNjAtOWQ2MzMxOTc2Y2Fk2AIF4AIB&sid=9e0d39518f33a8ee2c6c06163311a54b&aid=304142&ucfs=1&arphpl=1&checkin=2024-11-27&checkout=2024-11-28&dest_id=1116&dest_type=region&group_adults=1&req_adults=1&no_rooms=1&group_children=0&req_children=0&hpos=6&hapos=6&sr_order=popularity&srpvid=362753101c010127&srepoch=1721821739&all_sr_blocks=11698710_362703357_0_41_0&highlighted_blocks=11698710_362703357_0_41_0&matching_block_id=11698710_362703357_0_41_0&sr_pri_blocks=11698710_362703357_0_41_0__9025&from_sustainable_property_sr=1&from=searchresults,,"1 night, 1 adult","PKR 32,433",3
Hotel,"Bicester Hotel, Golf & Spa",Green Lane, Chesterton, OX26 1TE,UK, Bicester,https://www.booking.com/hotel/gb/bicester-country-club.en-gb.html?label=gen173nr-1BCAEoggI46AdIM1gEaFCIAQGYAQm4ARfIAQzYAQHoAQGIAgGoAgO4AvPQg7UGwAIB0gIkMmJkOTM3Y2MtNTZiMi00MmExLThiNjAtOWQ2MzMxOTc2Y2Fk2AIF4AIB&sid=9e0d39518f33a8ee2c6c06163311a54b&aid=304142&ucfs=1&arphpl=1&checkin=2024-11-27&checkout=2024-11-28&dest_id=1116&dest_type=region&group_adults=1&req_adults=1&no_rooms=1&group_children=0&req_children=0&hpos=7&hapos=7&sr_order=popularity&srpvid=362753101c010127&srepoch=1721821739&all_sr_blocks=4232101_103937733_2_1_0&highlighted_blocks=4232101_103937733_2_1_0&matching_block_id=4232101_103937733_2_1_0&sr_pri_blocks=4232101_103937733_2_1_0__19800&from_sustainable_property_sr=1&from=searchresults,,"1 night, 1 adult","PKR 71,156",4
Hotel,Mollie's Motel & Diner Oxfordshire,Shrivenham Road, A420 Buckland, Faringdon,UK, Faringdon,https://www.booking.com/hotel/gb/mollies-motel.en-gb.html?label=gen173nr-1BCAEoggI46AdIM1gEaFCIAQGYAQm4ARfIAQzYAQHoAQGIAgGoAgO4AvPQg7UGwAIB0gIkMmJkOTM3Y2MtNTZiMi00MmExLThiNjAtOWQ2MzMxOTc2Y2Fk2AIF4AIB&sid=9e0d39518f33a8ee2c6c06163311a54b&aid=304142&ucfs=1&arphpl=1&checkin=2024-11-27&checkout=2024-11-28&dest_id=1116&dest_type=region&group_adults=1&req_adults=1&no_rooms=1&group_children=0&req_children=0&hpos=8&hapos=8&sr_order=popularity&srpvid=362753101c010127&srepoch=1721821739&all_sr_blocks=473079002_147330395_2_0_0&highlighted_blocks=473079002_147330395_2_0_0&matching_block_id=473079002_147330395_2_0_0&sr_pri_blocks=473079002_147330395_2_0_0__10600&from_sustainable_property_sr=1&from=searchresults,,"1 night, 1 adult","PKR 38,094",0
Hotel,"The Randolph Hotel, by Graduate Hotels",Beaumont St, Oxford, United Kingdom,UK, OX1 2LN,https://www.booking.com/hotel/gb/randolph-hotel.en-gb.html?label=gen173nr-1BCAEoggI46AdIM1gEaFCIAQGYAQm4ARfIAQzYAQHoAQGIAgGoAgO4AvPQg7UGwAIB0gIkMmJkOTM3Y2MtNTZiMi00MmExLThiNjAtOWQ2MzMxOTc2Y2Fk2AIF4AIB&sid=9e0d39518f33a8ee2c6c06163311a54b&aid=304142&ucfs=1&arphpl=1&checkin=2024-11-27&checkout=2024-11-28&dest_id=1116&dest_type=region&group_adults=1&req_adults=1&no_rooms=1&group_children=0&req_children=0&hpos=9&hapos=9&sr_order=popularity&srpvid=362753101c010127&srepoch=1721821739&all_sr_blocks=11203376_91463899_2_42_0&highlighted_blocks=11203376_91463899_2_42_0&matching_block_id=11203376_91463899_2_42_0&sr_pri_blocks=11203376_91463899_2_42_0__24000&from_sustainable_property_sr=1&from=searchresults,,"1 night, 1 adult","PKR 86,249",5
B&B,Courtyard by Marriott Oxford South,6 Milton Gate, Milton, OX14 4FP,UK, Abingdon,https://www.booking.com/hotel/gb/courtyard-by-marriott-oxford-south.en-gb.html?label=gen173nr-1BCAEoggI46AdIM1gEaFCIAQGYAQm4ARfIAQzYAQHoAQGIAgGoAgO4AvPQg7UGwAIB0gIkMmJkOTM3Y2MtNTZiMi00MmExLThiNjAtOWQ2MzMxOTc2Y2Fk2AIF4AIB&sid=9e0d39518f33a8ee2c6c06163311a54b&aid=304142&ucfs=1&arphpl=1&checkin=2024-11-27&checkout=2024-11-28&dest_id=1116&dest_type=region&group_adults=1&req_adults=1&no_rooms=1&group_children=0&req_children=0&hpos=10&hapos=10&sr_order=popularity&srpvid=362753101c010127&srepoch=1721821739&all_sr_blocks=410282403_125279715_2_34_0&highlighted_blocks=410282403_125279715_2_34_0&matching_block_id=410282403_125279715_2_34_0&sr_pri_blocks=410282403_125279715_2_34_0__21060&from_sustainable_property_sr=1&from=searchresults,,"1 night, 1 adult","PKR 75,684",4
Hotel,Minster Mill Hotel,Old Minster, Minster Lovell, United Kingdom,UK, OX29 0RN,https://www.booking.com/hotel/gb/minster-mill.en-gb.html?label=gen173nr-1BCAEoggI46AdIM1gEaFCIAQGYAQm4ARfIAQzYAQHoAQGIAgGoAgO4AvPQg7UGwAIB0gIkMmJkOTM3Y2MtNTZiMi00MmExLThiNjAtOWQ2MzMxOTc2Y2Fk2AIF4AIB&sid=9e0d39518f33a8ee2c6c06163311a54b&aid=304142&ucfs=1&arphpl=1&checkin=2024-11-27&checkout=2024-11-28&dest_id=1116&dest_type=region&group_adults=1&req_adults=1&no_rooms=1&group_children=0&req_children=0&hpos=11&hapos=11&sr_order=popularity&srpvid=362753101c010127&srepoch=1721821739&all_sr_blocks=442198507_139610773_2_34_0&highlighted_blocks=442198507_139610773_2_34_0&matching_block_id=442198507_139610773_2_34_0&sr_pri_blocks=442198507_139610773_2_34_0__11000&from_sustainable_property_sr=1&from=searchresults,,"1 night, 1 adult","PKR 39,531",4
B&B,The Cherry Tree,Chinnor Road, Kingston Blount, United Kingdom,UK, OX39 4SL,https://www.booking.com/hotel/gb/the-cherry-tree-chinnor.en-gb.html?label=gen173nr-1BCAEoggI46AdIM1gEaFCIAQGYAQm4ARfIAQzYAQHoAQGIAgGoAgO4AvPQg7UGwAIB0gIkMmJkOTM3Y2MtNTZiMi00MmExLThiNjAtOWQ2MzMxOTc2Y2Fk2AIF4AIB&sid=9e0d39518f33a8ee2c6c06163311a54b&aid=304142&ucfs=1&arphpl=1&checkin=2024-11-27&checkout=2024-11-28&dest_id=1116&dest_type=region&group_adults=1&req_adults=1&no_rooms=1&group_children=0&req_children=0&hpos=12&hapos=12&sr_order=popularity&srpvid=362753101c010127&srepoch=1721821739&all_sr_blocks=771907704_390690487_0_10_0&highlighted_blocks=771907704_390690487_0_10_0&matching_block_id=771907704_390690487_0_10_0&sr_pri_blocks=771907704_390690487_0_10_0__13620&from_sustainable_property_sr=1&from=searchresults,,"1 night, 1 adult","PKR 48,947",4
Hotel,The Springs Resort & Golf Club,The Springs Resort & Golf Club Wallingford Road, North Stoke, OX10 6BE,UK, Wallingford,https://www.booking.com/hotel/gb/the-springs-resort-amp-golf-club.en-gb.html?label=gen173nr-1BCAEoggI46AdIM1gEaFCIAQGYAQm4ARfIAQzYAQHoAQGIAgGoAgO4AvPQg7UGwAIB0gIkMmJkOTM3Y2MtNTZiMi00MmExLThiNjAtOWQ2MzMxOTc2Y2Fk2AIF4AIB&sid=9e0d39518f33a8ee2c6c06163311a54b&aid=304142&ucfs=1&arphpl=1&checkin=2024-11-27&checkout=2024-11-28&dest_id=1116&dest_type=region&group_adults=1&req_adults=1&no_rooms=1&group_children=0&req_children=0&hpos=13&hapos=13&sr_order=popularity&srpvid=362753101c010127&srepoch=1721821739&all_sr_blocks=717209606_299041563_0_2_0&highlighted_blocks=717209606_299041563_0_2_0&matching_block_id=717209606_299041563_0_2_0&sr_pri_blocks=717209606_299041563_0_2_0__9833&from_sustainable_property_sr=1&from=searchresults,,"1 night, 1 adult","PKR 35,337",0
B&B,The Brewery Tap,The Brewery Tap, 40-42 Ock Street, Oxfordshire,UK, Abingdon,https://www.booking.com/hotel/gb/the-brewery-tap-abingdon.en-gb.html?label=gen173nr-1BCAEoggI46AdIM1gEaFCIAQGYAQm4ARfIAQzYAQHoAQGIAgGoAgO4AvPQg7UGwAIB0gIkMmJkOTM3Y2MtNTZiMi00MmExLThiNjAtOWQ2MzMxOTc2Y2Fk2AIF4AIB&sid=9e0d39518f33a8ee2c6c06163311a54b&aid=304142&ucfs=1&arphpl=1&checkin=2024-11-27&checkout=2024-11-28&dest_id=1116&dest_type=region&group_adults=1&req_adults=1&no_rooms=1&group_children=0&req_children=0&hpos=14&hapos=14&sr_order=popularity&srpvid=362753101c010127&srepoch=1721821739&all_sr_blocks=113724201_141686683_1_1_0&highlighted_blocks=113724201_141686683_1_1_0&matching_block_id=113724201_141686683_1_1_0&sr_pri_blocks=113724201_141686683_1_1_0__13000&from=searchresults,,"1 night, 1 adult","PKR 46,718",0
B&B,Stag's Head,The Green Stags Head, Banbury, United Kingdom,UK, OX15 5EJ,https://www.booking.com/hotel/gb/stag-39-s-head.en-gb.html?label=gen173nr-1BCAEoggI46AdIM1gEaFCIAQGYAQm4ARfIAQzYAQHoAQGIAgGoAgO4AvPQg7UGwAIB0gIkMmJkOTM3Y2MtNTZiMi00MmExLThiNjAtOWQ2MzMxOTc2Y2Fk2AIF4AIB&sid=9e0d39518f33a8ee2c6c06163311a54b&aid=304142&ucfs=1&arphpl=1&checkin=2024-11-27&checkout=2024-11-28&dest_id=1116&dest_type=region&group_adults=1&req_adults=1&no_rooms=1&group_children=0&req_children=0&hpos=15&hapos=15&sr_order=popularity&srpvid=362753101c010127&srepoch=1721821739&all_sr_blocks=235858302_101057956_1_1_0&highlighted_blocks=235858302_101057956_1_1_0&matching_block_id=235858302_101057956_1_1_0&sr_pri_blocks=235858302_101057956_1_1_0__5850&from=searchresults,,"1 night, 1 adult","PKR 21,023",0
B&B,Handywater Cottages,Handywater Cottage Lower Assendon, Henley on Thames, United Kingdom,UK, RG9 6AH,https://www.booking.com/hotel/gb/handywater-cottage-b-amp-b.en-gb.html?label=gen173nr-1BCAEoggI46AdIM1gEaFCIAQGYAQm4ARfIAQzYAQHoAQGIAgGoAgO4AvPQg7UGwAIB0gIkMmJkOTM3Y2MtNTZiMi00MmExLThiNjAtOWQ2MzMxOTc2Y2Fk2AIF4AIB&sid=9e0d39518f33a8ee2c6c06163311a54b&aid=304142&ucfs=1&arphpl=1&checkin=2024-11-27&checkout=2024-11-28&dest_id=1116&dest_type=region&group_adults=1&req_adults=1&no_rooms=1&group_children=0&req_children=0&hpos=16&hapos=16&sr_order=popularity&srpvid=362753101c010127&srepoch=1721821739&all_sr_blocks=228295102_370418076_2_1_0&highlighted_blocks=228295102_370418076_2_1_0&matching_block_id=228295102_370418076_2_1_0&sr_pri_blocks=228295102_370418076_2_1_0__14500&from_sustainable_property_sr=1&from=searchresults,,"1 night, 1 adult","PKR 52,109",5
B&B,Rasa Sayang House - Self-check-in guesthouse,139 Iffley Road, Oxford, United Kingdom,UK, OX4 1EJ,https://www.booking.com/hotel/gb/rasa-sayang-house.en-gb.html?label=gen173nr-1BCAEoggI46AdIM1gEaFCIAQGYAQm4ARfIAQzYAQHoAQGIAgGoAgO4AvPQg7UGwAIB0gIkMmJkOTM3Y2MtNTZiMi00MmExLThiNjAtOWQ2MzMxOTc2Y2Fk2AIF4AIB&sid=9e0d39518f33a8ee2c6c06163311a54b&aid=304142&ucfs=1&arphpl=1&checkin=2024-11-27&checkout=2024-11-28&dest_id=1116&dest_type=region&group_adults=1&req_adults=1&no_rooms=1&group_children=0&req_children=0&hpos=17&hapos=17&sr_order=popularity&srpvid=362753101c010127&srepoch=1721821739&all_sr_blocks=759514602_333093413_1_0_0&highlighted_blocks=759514602_333093413_1_0_0&matching_block_id=759514602_333093413_1_0_0&sr_pri_blocks=759514602_333093413_1_0_0__5500&from=searchresults,,"1 night, 1 adult","PKR 19,765",3
Apartment,DoubleTree by Hilton Oxford Belfry,Milton Common, Nr Thame, OX9 2JW,UK, Thame,https://www.booking.com/hotel/gb/theoxfordbelfry.en-gb.html?label=gen173nr-1BCAEoggI46AdIM1gEaFCIAQGYAQm4ARfIAQzYAQHoAQGIAgGoAgO4AvPQg7UGwAIB0gIkMmJkOTM3Y2MtNTZiMi00MmExLThiNjAtOWQ2MzMxOTc2Y2Fk2AIF4AIB&sid=9e0d39518f33a8ee2c6c06163311a54b&aid=304142&ucfs=1&arphpl=1&checkin=2024-11-27&checkout=2024-11-28&dest_id=1116&dest_type=region&group_adults=1&req_adults=1&no_rooms=1&group_children=0&req_children=0&hpos=18&hapos=18&sr_order=popularity&srpvid=362753101c010127&srepoch=1721821739&all_sr_blocks=11244614_91463936_2_42_0&highlighted_blocks=11244614_91463936_2_42_0&matching_block_id=11244614_91463936_2_42_0&sr_pri_blocks=11244614_91463936_2_42_0__15640&from_sustainable_property_sr=1&from=searchresults,,"1 night, 1 adult","PKR 56,206",4
B&B,Hilton Garden Inn Abingdon Oxford,Marcham Road, Abingdon, United Kingdom,UK, OX14 1TZ,https://www.booking.com/hotel/gb/abingdon-four-pillars.en-gb.html?label=gen173nr-1BCAEoggI46AdIM1gEaFCIAQGYAQm4ARfIAQzYAQHoAQGIAgGoAgO4AvPQg7UGwAIB0gIkMmJkOTM3Y2MtNTZiMi00MmExLThiNjAtOWQ2MzMxOTc2Y2Fk2AIF4AIB&sid=9e0d39518f33a8ee2c6c06163311a54b&aid=304142&ucfs=1&arphpl=1&checkin=2024-11-27&checkout=2024-11-28&dest_id=1116&dest_type=region&group_adults=1&req_adults=1&no_rooms=1&group_children=0&req_children=0&hpos=19&hapos=19&sr_order=popularity&srpvid=362753101c010127&srepoch=1721821739&all_sr_blocks=11597913_88659728_2_34_0&highlighted_blocks=11597913_88659728_2_34_0&matching_block_id=11597913_88659728_2_34_0&sr_pri_blocks=11597913_88659728_2_34_0__16660&from_sustainable_property_sr=1&from=searchresults,,"1 night, 1 adult","PKR 59,871",4
Hotel,Macdonald Bear Hotel,Park St, Woodstock, United Kingdom,UK, OX20 1SZ,https://www.booking.com/hotel/gb/thebear-hotel.en-gb.html?label=gen173nr-1BCAEoggI46AdIM1gEaFCIAQGYAQm4ARfIAQzYAQHoAQGIAgGoAgO4AvPQg7UGwAIB0gIkMmJkOTM3Y2MtNTZiMi00MmExLThiNjAtOWQ2MzMxOTc2Y2Fk2AIF4AIB&sid=9e0d39518f33a8ee2c6c06163311a54b&aid=304142&ucfs=1&arphpl=1&checkin=2024-11-27&checkout=2024-11-28&dest_id=1116&dest_type=region&group_adults=1&req_adults=1&no_rooms=1&group_children=0&req_children=0&hpos=20&hapos=20&sr_order=popularity&srpvid=362753101c010127&srepoch=1721821739&all_sr_blocks=11203509_356860946_2_34_0&highlighted_blocks=11203509_356860946_2_34_0&matching_block_id=11203509_356860946_2_34_0&sr_pri_blocks=11203509_356860946_2_34_0__34300&from=searchresults,,"1 night, 1 adult","PKR 123,265",4
B&B,"The Bird In Hand Inn, Witney",Whiteoak Green, Hailey, OX29 9XP,UK, Witney,https://www.booking.com/hotel/gb/birdinhand.en-gb.html?label=gen173nr-1BCAEoggI46AdIM1gEaFCIAQGYAQm4ARfIAQzYAQHoAQGIAgGoAgO4AvPQg7UGwAIB0gIkMmJkOTM3Y2MtNTZiMi00MmExLThiNjAtOWQ2MzMxOTc2Y2Fk2AIF4AIB&sid=9e0d39518f33a8ee2c6c06163311a54b&aid=304142&ucfs=1&arphpl=1&checkin=2024-11-27&checkout=2024-11-28&dest_id=1116&dest_type=region&group_adults=1&req_adults=1&no_rooms=1&group_children=0&req_children=0&hpos=21&hapos=21&sr_order=popularity&srpvid=362753101c010127&srepoch=1721821739&all_sr_blocks=69810_373405337_1_1_0&highlighted_blocks=69810_373405337_1_1_0&matching_block_id=69810_373405337_1_1_0&sr_pri_blocks=69810_373405337_1_1_0__14000&from=searchresults,,"1 night, 1 adult","PKR 50,312",4
Hotel,The Brasenose Arms,The Brasenose Arms, Banbury, United Kingdom,UK, OX17 1PW,https://www.booking.com/hotel/gb/the-brasenose-arms.en-gb.html?label=gen173nr-1BCAEoggI46AdIM1gEaFCIAQGYAQm4ARfIAQzYAQHoAQGIAgGoAgO4AvPQg7UGwAIB0gIkMmJkOTM3Y2MtNTZiMi00MmExLThiNjAtOWQ2MzMxOTc2Y2Fk2AIF4AIB&sid=9e0d39518f33a8ee2c6c06163311a54b&aid=304142&ucfs=1&arphpl=1&checkin=2024-11-27&checkout=2024-11-28&dest_id=1116&dest_type=region&group_adults=1&req_adults=1&no_rooms=1&group_children=0&req_children=0&hpos=22&hapos=22&sr_order=popularity&srpvid=362753101c010127&srepoch=1721821739&all_sr_blocks=989948101_392877057_2_1_0&highlighted_blocks=989948101_392877057_2_1_0&matching_block_id=989948101_392877057_2_1_0&sr_pri_blocks=989948101_392877057_2_1_0__12600&from=searchresults,,"1 night, 1 adult","PKR 45,281",3
B&B,Crazy Bear Stadhampton,Bear Lane, Stadhampton, United Kingdom,UK, OX44 7UR,https://www.booking.com/hotel/gb/crazy-bear-stadhampton.en-gb.html?label=gen173nr-1BCAEoggI46AdIM1gEaFCIAQGYAQm4ARfIAQzYAQHoAQGIAgGoAgO4AvPQg7UGwAIB0gIkMmJkOTM3Y2MtNTZiMi00MmExLThiNjAtOWQ2MzMxOTc2Y2Fk2AIF4AIB&sid=9e0d39518f33a8ee2c6c06163311a54b&aid=304142&ucfs=1&arphpl=1&checkin=2024-11-27&checkout=2024-11-28&dest_id=1116&dest_type=region&group_adults=1&req_adults=1&no_rooms=1&group_children=0&req_children=0&hpos=23&hapos=23&sr_order=popularity&srpvid=362753101c010127&srepoch=1721821739&all_sr_blocks=41578402_370415351_0_0_0&highlighted_blocks=41578402_370415351_0_0_0&matching_block_id=41578402_370415351_0_0_0&sr_pri_blocks=41578402_370415351_0_0_0__14800&from=searchresults,,"1 night, 1 adult","PKR 53,187",4
B&B,Cromwell Lodge Hotel by Greene King Inns,9-11 North Bar Street, Banbury, United Kingdom,UK, OX16 0TB,https://www.booking.com/hotel/gb/cromwelllodgehotel.en-gb.html?label=gen173nr-1BCAEoggI46AdIM1gEaFCIAQGYAQm4ARfIAQzYAQHoAQGIAgGoAgO4AvPQg7UGwAIB0gIkMmJkOTM3Y2MtNTZiMi00MmExLThiNjAtOWQ2MzMxOTc2Y2Fk2AIF4AIB&sid=9e0d39518f33a8ee2c6c06163311a54b&aid=304142&ucfs=1&arphpl=1&checkin=2024-11-27&checkout=2024-11-28&dest_id=1116&dest_type=region&group_adults=1&req_adults=1&no_rooms=1&group_children=0&req_children=0&hpos=24&hapos=24&sr_order=popularity&srpvid=362753101c010127&srepoch=1721821739&all_sr_blocks=11528403_390784394_0_2_0&highlighted_blocks=11528403_390784394_0_2_0&matching_block_id=11528403_390784394_0_2_0&sr_pri_blocks=11528403_390784394_0_2_0__7650&from=searchresults,,"1 night, 1 adult","PKR 27,492",3
Hotel,The Holt Hotel,Oxford Road, Steeple Aston, United Kingdom,UK, OX25 5QQ,https://www.booking.com/hotel/gb/the-holt.en-gb.html?label=gen173nr-1BCAEoggI46AdIM1gEaFCIAQGYAQm4ARfIAQzYAQHoAQGIAgGoAgO4AvPQg7UGwAIB0gIkMmJkOTM3Y2MtNTZiMi00MmExLThiNjAtOWQ2MzMxOTc2Y2Fk2AIF4AIB&sid=9e0d39518f33a8ee2c6c06163311a54b&aid=304142&ucfs=1&arphpl=1&checkin=2024-11-27&checkout=2024-11-28&dest_id=1116&dest_type=region&group_adults=1&req_adults=1&no_rooms=1&group_children=0&req_children=0&hpos=25&hapos=25&sr_order=popularity&srpvid=362753101c010127&srepoch=1721821739&all_sr_blocks=31064710_88648173_0_2_0&highlighted_blocks=31064710_88648173_0_2_0&matching_block_id=31064710_88648173_0_2_0&sr_pri_blocks=31064710_88648173_0_2_0__8883&from_sustainable_property_sr=1&from=searchresults,,"1 night, 1 adult","PKR 31,923",3
B&B,The Sparsholt Barn,Watery Lane, Sparsholt, OX12 9PL,UK, Wantage,https://www.booking.com/hotel/gb/the-star-inn.en-gb.html?label=gen173nr-1BCAEoggI46AdIM1gEaFCIAQGYAQm4ARfIAQzYAQHoAQGIAgGoAgO4AvPQg7UGwAIB0gIkMmJkOTM3Y2MtNTZiMi00MmExLThiNjAtOWQ2MzMxOTc2Y2Fk2AIF4AIB&sid=9e0d39518f33a8ee2c6c06163311a54b&aid=304142&ucfs=1&arphpl=1&checkin=2024-11-27&checkout=2024-11-28&dest_id=1116&dest_type=region&group_adults=1&req_adults=1&no_rooms=1&group_children=0&req_children=0&hpos=1&hapos=26&sr_order=popularity&srpvid=362753101c010127&srepoch=1721821747&all_sr_blocks=23132702_348803464_2_2_0&highlighted_blocks=23132702_348803464_2_2_0&matching_block_id=23132702_348803464_2_2_0&sr_pri_blocks=23132702_348803464_2_2_0__7000&from=searchresults,,"1 night, 1 adult","PKR 25,156",4
B&B,Mercure Oxford Hawkwell House Hotel,Church Way, Iffley Village, OX4 4DZ,UK, Oxford,https://www.booking.com/hotel/gb/hawkwellhouse.en-gb.html?label=gen173nr-1BCAEoggI46AdIM1gEaFCIAQGYAQm4ARfIAQzYAQHoAQGIAgGoAgO4AvPQg7UGwAIB0gIkMmJkOTM3Y2MtNTZiMi00MmExLThiNjAtOWQ2MzMxOTc2Y2Fk2AIF4AIB&sid=9e0d39518f33a8ee2c6c06163311a54b&aid=304142&ucfs=1&arphpl=1&checkin=2024-11-27&checkout=2024-11-28&dest_id=1116&dest_type=region&group_adults=1&req_adults=1&no_rooms=1&group_children=0&req_children=0&hpos=2&hapos=27&sr_order=popularity&srpvid=362753101c010127&srepoch=1721821747&all_sr_blocks=21825761_91912502_1_2_0&highlighted_blocks=21825761_91912502_1_2_0&matching_block_id=21825761_91912502_1_2_0&sr_pri_blocks=21825761_91912502_1_2_0__11880&from_sustainable_property_sr=1&from=searchresults,,"1 night, 1 adult","PKR 42,693",4
Hotel,The Boutique Hotel,The Snooty Mehmaan, Faringdon, United Kingdom,UK, SN7 8PW,https://www.booking.com/hotel/gb/the-snooty-mehmaan-faringdon.en-gb.html?label=gen173nr-1BCAEoggI46AdIM1gEaFCIAQGYAQm4ARfIAQzYAQHoAQGIAgGoAgO4AvPQg7UGwAIB0gIkMmJkOTM3Y2MtNTZiMi00MmExLThiNjAtOWQ2MzMxOTc2Y2Fk2AIF4AIB&sid=9e0d39518f33a8ee2c6c06163311a54b&aid=304142&ucfs=1&arphpl=1&checkin=2024-11-27&checkout=2024-11-28&dest_id=1116&dest_type=region&group_adults=1&req_adults=1&no_rooms=1&group_children=0&req_children=0&hpos=3&hapos=28&sr_order=popularity&srpvid=362753101c010127&srepoch=1721821747&all_sr_blocks=1089704701_392429055_1_1_0&highlighted_blocks=1089704701_392429055_1_1_0&matching_block_id=1089704701_392429055_1_1_0&sr_pri_blocks=1089704701_392429055_1_1_0__13685&from_sustainable_property_sr=1&from=searchresults,,"1 night, 1 adult","PKR 49,180",0
B&B,"Green Haven Villa - 4BR Spacious House with Hot tub, Ample Parking, Air Condition, WIFI, Netflix, Patio & Garden",20 Green Road, Kidlington, United Kingdom,UK, OX5 2EX,https://www.booking.com/hotel/gb/green-haven-retreat.en-gb.html?label=gen173nr-1BCAEoggI46AdIM1gEaFCIAQGYAQm4ARfIAQzYAQHoAQGIAgGoAgO4AvPQg7UGwAIB0gIkMmJkOTM3Y2MtNTZiMi00MmExLThiNjAtOWQ2MzMxOTc2Y2Fk2AIF4AIB&sid=9e0d39518f33a8ee2c6c06163311a54b&aid=304142&ucfs=1&arphpl=1&checkin=2024-11-27&checkout=2024-11-28&dest_id=1116&dest_type=region&group_adults=1&req_adults=1&no_rooms=1&group_children=0&req_children=0&hpos=4&hapos=29&sr_order=popularity&srpvid=362753101c010127&srepoch=1721821747&all_sr_blocks=1041156801_390947274_6_0_0&highlighted_blocks=1041156801_390947274_6_0_0&matching_block_id=1041156801_390947274_6_0_0&sr_pri_blocks=1041156801_390947274_6_0_0__29284&from_sustainable_property_sr=1&from=searchresults,,"1 night, 1 adult","PKR 105,239",4
B&B,Kingfisher Barn B&B,Kingfisher Barn, Abingdon, United Kingdom,UK, OX14 3NN,https://www.booking.com/hotel/gb/kingfisher-barn-b-amp-b.en-gb.html?label=gen173nr-1BCAEoggI46AdIM1gEaFCIAQGYAQm4ARfIAQzYAQHoAQGIAgGoAgO4AvPQg7UGwAIB0gIkMmJkOTM3Y2MtNTZiMi00MmExLThiNjAtOWQ2MzMxOTc2Y2Fk2AIF4AIB&sid=9e0d39518f33a8ee2c6c06163311a54b&aid=304142&ucfs=1&arphpl=1&checkin=2024-11-27&checkout=2024-11-28&dest_id=1116&dest_type=region&group_adults=1&req_adults=1&no_rooms=1&group_children=0&req_children=0&hpos=5&hapos=30&sr_order=popularity&srpvid=362753101c010127&srepoch=1721821747&all_sr_blocks=877982903_377377641_1_1_0&highlighted_blocks=877982903_377377641_1_1_0&matching_block_id=877982903_377377641_1_1_0&sr_pri_blocks=877982903_377377641_1_1_0__11310&from_sustainable_property_sr=1&from=searchresults,,"1 night, 1 adult","PKR 40,645",3
Apartment,Bear and Ragged Staff,28 Appleton Road, Oxford, United Kingdom,UK, OX2 9QH,https://www.booking.com/hotel/gb/bear-and-ragged-staff.en-gb.html?label=gen173nr-1BCAEoggI46AdIM1gEaFCIAQGYAQm4ARfIAQzYAQHoAQGIAgGoAgO4AvPQg7UGwAIB0gIkMmJkOTM3Y2MtNTZiMi00MmExLThiNjAtOWQ2MzMxOTc2Y2Fk2AIF4AIB&sid=9e0d39518f33a8ee2c6c06163311a54b&aid=304142&ucfs=1&arphpl=1&checkin=2024-11-27&checkout=2024-11-28&dest_id=1116&dest_type=region&group_adults=1&req_adults=1&no_rooms=1&group_children=0&req_children=0&hpos=6&hapos=31&sr_order=popularity&srpvid=362753101c010127&srepoch=1721821747&all_sr_blocks=37059806_367187902_0_0_0&highlighted_blocks=37059806_367187902_0_0_0&matching_block_id=37059806_367187902_0_0_0&sr_pri_blocks=37059806_367187902_0_0_0__10890&from_sustainable_property_sr=1&from=searchresults,,"1 night, 1 adult","PKR 39,136",4
Apartment,14th-century cosy 3-bed cottage Business stays,porthole unicorn street, Bloxham, United Kingdom,UK, OX15 4QA,https://www.booking.com/hotel/gb/14th-century-cosy-3-bed-cottage-10-mins-to-banbury.en-gb.html?label=gen173nr-1BCAEoggI46AdIM1gEaFCIAQGYAQm4ARfIAQzYAQHoAQGIAgGoAgO4AvPQg7UGwAIB0gIkMmJkOTM3Y2MtNTZiMi00MmExLThiNjAtOWQ2MzMxOTc2Y2Fk2AIF4AIB&sid=9e0d39518f33a8ee2c6c06163311a54b&aid=304142&ucfs=1&arphpl=1&checkin=2024-11-27&checkout=2024-11-28&dest_id=1116&dest_type=region&group_adults=1&req_adults=1&no_rooms=1&group_children=0&req_children=0&hpos=7&hapos=32&sr_order=popularity&srpvid=362753101c010127&srepoch=1721821747&all_sr_blocks=1119462601_384757869_2_0_0&highlighted_blocks=1119462601_384757869_2_0_0&matching_block_id=1119462601_384757869_2_0_0&sr_pri_blocks=1119462601_384757869_2_0_0__21600&from=searchresults,,"1 night, 1 adult","PKR 77,624",4
